{"stats":{"minecraft:used":{"minecraft:stone_sword":63,"minecraft:stone_pickaxe":131,"minecraft:stone_shovel":21,"minecraft:wooden_pickaxe":13,"minecraft:stone_axe":14,"minecraft:torch":2,"minecraft:dirt":1,"minecraft:crafting_table":5,"minecraft:furnace":4,"minecraft:cooked_beef":3,"minecraft:cooked_mutton":2},"minecraft:killed":{"minecraft:sheep":9,"minecraft:skeleton":1,"minecraft:zombie":1,"minecraft:pig":1,"minecraft:cow":12},"minecraft:custom":{"minecraft:time_since_rest":5082,"minecraft:damage_taken":205,"minecraft:interact_with_furnace":31,"minecraft:sprint_one_cm":58914,"minecraft:walk_one_cm":25553,"minecraft:mob_kills":24,"minecraft:drop":1,"minecraft:damage_dealt":2419,"minecraft:swim_one_cm":871,"minecraft:interact_with_crafting_table":11,"minecraft:fly_one_cm":170811,"minecraft:crouch_one_cm":12636,"minecraft:play_time":20033,"minecraft:sneak_time":4399,"minecraft:walk_under_water_one_cm":87,"minecraft:jump":548,"minecraft:leave_game":2,"minecraft:time_since_death":20033,"minecraft:walk_on_water_one_cm":193,"minecraft:sleep_in_bed":2,"minecraft:total_world_time":20033,"minecraft:fall_one_cm":19707},"minecraft:mined":{"minecraft:furnace":2,"minecraft:birch_log":5,"minecraft:spruce_log":6,"minecraft:birch_leaves":12,"minecraft:torch":1,"minecraft:crafting_table":4,"minecraft:grass":4,"minecraft:oak_log":5,"minecraft:grass_block":4,"minecraft:coal_ore":100,"minecraft:gravel":4,"minecraft:dirt":26,"minecraft:tall_grass":2,"minecraft:spruce_leaves":5,"minecraft:stone":42},"minecraft:dropped":{"minecraft:wooden_pickaxe":1},"minecraft:picked_up":{"minecraft:birch_log":5,"minecraft:crafting_table":4,"minecraft:charcoal":3,"minecraft:stick":2,"minecraft:feather":2,"minecraft:cooked_beef":1,"minecraft:chicken":1,"minecraft:leather":14,"minecraft:torch":1,"minecraft:dandelion":1,"minecraft:gravel":3,"minecraft:porkchop":2,"minecraft:oak_log":5,"minecraft:spruce_log":6,"minecraft:dirt":30,"minecraft:beef":23,"minecraft:gray_wool":1,"minecraft:mutton":14,"minecraft:coal":100,"minecraft:white_wool":8,"minecraft:cobblestone":42,"minecraft:furnace":2},"minecraft:crafted":{"minecraft:cooked_beef":6,"minecraft:oak_planks":20,"minecraft:stone_shovel":1,"minecraft:charcoal":5,"minecraft:crafting_table":2,"minecraft:spruce_planks":24,"minecraft:stick":16,"minecraft:wooden_pickaxe":1,"minecraft:stone_pickaxe":2,"minecraft:stone_sword":1,"minecraft:furnace":2,"minecraft:torch":20,"minecraft:stone_axe":1,"minecraft:air":0,"minecraft:cooked_mutton":2}},"DataVersion":3465}