{"stats":{"minecraft:custom":{"minecraft:time_since_rest":11922,"minecraft:interact_with_furnace":28,"minecraft:sprint_one_cm":31345,"minecraft:damage_taken":40,"minecraft:walk_one_cm":14282,"minecraft:mob_kills":5,"minecraft:drop":1,"minecraft:damage_dealt":480,"minecraft:swim_one_cm":871,"minecraft:interact_with_crafting_table":7,"minecraft:fly_one_cm":107770,"minecraft:crouch_one_cm":7993,"minecraft:play_time":11922,"minecraft:sneak_time":2723,"minecraft:walk_under_water_one_cm":87,"minecraft:jump":292,"minecraft:time_since_death":11922,"minecraft:walk_on_water_one_cm":193,"minecraft:total_world_time":11922,"minecraft:fall_one_cm":8317},"minecraft:mined":{"minecraft:furnace":2,"minecraft:birch_log":5,"minecraft:spruce_log":6,"minecraft:birch_leaves":12,"minecraft:crafting_table":3,"minecraft:grass_block":4,"minecraft:coal_ore":45,"minecraft:gravel":4,"minecraft:dirt":26,"minecraft:spruce_leaves":5,"minecraft:stone":35},"minecraft:picked_up":{"minecraft:birch_log":5,"minecraft:charcoal":3,"minecraft:stick":2,"minecraft:crafting_table":3,"minecraft:cooked_beef":1,"minecraft:feather":2,"minecraft:chicken":1,"minecraft:leather":6,"minecraft:gravel":3,"minecraft:spruce_log":6,"minecraft:dirt":30,"minecraft:beef":7,"minecraft:coal":45,"minecraft:mutton":2,"minecraft:white_wool":1,"minecraft:cobblestone":35,"minecraft:furnace":2},"minecraft:used":{"minecraft:stone_sword":11,"minecraft:stone_shovel":21,"minecraft:stone_pickaxe":69,"minecraft:wooden_pickaxe":13,"minecraft:stone_axe":8,"minecraft:dirt":1,"minecraft:crafting_table":3,"minecraft:furnace":2,"minecraft:cooked_beef":2},"minecraft:killed":{"minecraft:sheep":1,"minecraft:cow":4},"minecraft:dropped":{"minecraft:wooden_pickaxe":1},"minecraft:crafted":{"minecraft:cooked_beef":6,"minecraft:stone_shovel":1,"minecraft:charcoal":5,"minecraft:crafting_table":1,"minecraft:spruce_planks":24,"minecraft:stick":12,"minecraft:wooden_pickaxe":1,"minecraft:stone_pickaxe":1,"minecraft:stone_sword":1,"minecraft:furnace":2,"minecraft:torch":12,"minecraft:stone_axe":1,"minecraft:cooked_mutton":2,"minecraft:air":0}},"DataVersion":3465}